mu,sigma,nu
0.04590890599396886,0.05474535867593445,99
