ES Absolute,ES Diff from Mean
0.07523208716011756,0.12114099315408641
