VaR Absolute,VaR Diff from Mean
0.04148757595434181,0.08768256390034819
