mu,sigma,nu,Alpha,B1,B2,B3
0.0005275365385801143,0.048550395678343614,4.599239732586266,0.04210624915674922,0.9750227304090218,2.0410165614379343,3.1547419119245155
