ES Absolute,ES Diff from Mean
0.05046784401426306,0.09649358046713133
