VaR Absolute,VaR Diff from Mean
0.04152970271623356,0.08743860871020243
