ES Absolute,ES Diff from Mean
0.07521605937650962,0.121411047322516
